{	
	"photo1":[
		{"src" : "photos/photo1.jpg"}
	],
	"photo2":[
		{"src" : "photos/photo2.jpg"}
	],	
	"photo3":[
		{"src" : "photos/photo3.jpg"}
	],
	"photo4":[
		{"src" : "photos/photo4.jpg"}
	],
	"photo5":[
		{"src" : "photos/photo5.jpg"}
	],
	"photo6":[
		{"src" : "photos/photo6.jpg"}
	],	
	"photo7":[
		{"src" : "photos/photo7.jpg"}
	],
	"photo8":[
		{"src" : "photos/photo8.jpg"}
	],	
	"photo9":[
		{"src" : "photos/photo9.jpg"}
	],
	"photo10":[
		{"src" : "photos/photo10.jpg"}
	],	
	"photo11":[
		{"src" : "photos/photo11.jpg"}
	]
}